root_id,flow,super_class,class,sub_class,hemilineage,side,nerve
720575940602534112,efferent,descending,,,LB7,right,CV
720575940602864300,efferent,descending,,,PSp2,left,CV
720575940603489824,efferent,descending,,,PSp2,left,CV
720575940603580960,efferent,descending,,,PSp2,left,CV
720575940603591014,efferent,descending,,,WEDd1,left,CV
720575940603786686,efferent,descending,,,LB6,left,CV
720575940603874784,efferent,descending,,,putative_primary,left,CV
720575940603980256,efferent,descending,,,SMPpv1,right,CV
720575940604103084,efferent,descending,,,putative_primary,left,CV
720575940604284128,efferent,descending,,,PSp2,right,CV
720575940604470956,efferent,descending,,,putative_primary,right,CV
720575940604727264,efferent,descending,,,MX12,right,CV
720575940604729312,efferent,descending,,,LB7,left,CV
720575940604737708,efferent,descending,,,WEDd1,right,CV
720575940604783136,efferent,descending,,,putative_primary,left,CV
720575940604930481,efferent,descending,,,MX12,left,CV
720575940604954289,efferent,descending,,,SMPpv2_ventral,left,CV
720575940605009097,efferent,descending,,,putative_primary,right,CV
720575940605041330,efferent,descending,,,PSp2,right,CV
720575940605162924,efferent,descending,,,putative_primary,right,CV
720575940605282406,efferent,descending,,,MX12,right,CV
720575940605300140,efferent,descending,,,MX0__prim,right,CV
720575940605450342,efferent,descending,,,LB6,left,CV
720575940605513649,efferent,descending,,,MX3,right,CV
720575940605656521,efferent,descending,,,LB12,left,CV
720575940605658033,efferent,descending,,,LB7__prim,right,CV
720575940605702944,efferent,descending,,,putative_primary,right,CV
720575940605714878,efferent,descending,,,MX3,left,CV
720575940605725873,efferent,descending,,,primary,right,CV
720575940605950496,efferent,descending,,,putative_primary,left,CV
720575940606112940,efferent,descending,,,MX12__prim,right,CV
720575940606179686,efferent,descending,,,SMPpv2_ventral,left,CV
720575940606222014,efferent,descending,,,LB6,right,CV
720575940606342089,efferent,descending,,,putative_primary,right,CV
720575940606425033,efferent,descending,,,MX3,right,CV
720575940606607234,efferent,descending,,,MD3,right,CV
720575940606633248,efferent,descending,,,putative_primary,left,CV
720575940606702601,efferent,descending,,,LB7,left,CV
720575940606704562,efferent,descending,,,DM2_central,right,CV
720575940606753884,efferent,descending,,,,right,CV
720575940606756309,efferent,descending,,,PSp2,left,CV
720575940606784265,efferent,descending,,,LB7,right,CV
720575940606856405,efferent,descending,,,LB7,left,CV
720575940606866377,efferent,descending,,,putative_primary,right,CV
720575940607037635,efferent,descending,,,PSp2,left,CV
720575940607170178,efferent,descending,,,MD3,right,CV
720575940607178709,efferent,descending,,,LB12,left,CV
720575940607378633,efferent,descending,,,SMPpv2_ventral,left,CV
720575940607384242,efferent,descending,,,LB0_anterior,center,CV
720575940607451081,efferent,descending,,,MD3,left,CV
720575940607632579,efferent,descending,,,SMPpv1,left,CV
720575940607761244,efferent,descending,,,MX7__prim,right,CV
720575940607854793,efferent,descending,,,PSp2,left,CV
720575940607971337,efferent,descending,,,PSp2,left,CV
720575940608076739,efferent,descending,,,MX3,left,CV
720575940608145026,efferent,descending,,,putative_primary,left,CV
720575940608188427,efferent,descending,,,LB7__prim,left,CV
720575940608332674,efferent,descending,,,PSp2,left,CV
720575940608402524,efferent,descending,,,putative_primary,right,CV
720575940608409355,efferent,descending,,,SMPpv1,left,CV
720575940608716809,efferent,descending,,,LB7__prim,right,CV
720575940608735241,efferent,descending,,,putative_primary,right,CV
720575940608838958,efferent,descending,,,LB12,left,CV
720575940608877266,efferent,descending,,,PSp2,right,CV
720575940608960722,efferent,descending,,,MX12,left,CV
720575940609097429,efferent,descending,,,WEDd1,left,CV
720575940609260494,efferent,descending,,,putative_primary,right,CV
720575940609316050,efferent,descending,,,PSp2,right,CV
720575940609366648,efferent,descending,,,LB6,left,CV
720575940609376707,efferent,descending,,,putative_primary,right,CV
720575940609407939,efferent,descending,,,putative_primary,right,CV
720575940609417995,efferent,descending,,,MX12,left,CV
720575940609488942,efferent,descending,,,WEDd1,right,CV
720575940609589443,efferent,descending,,,LB12,left,CV
720575940609719250,efferent,descending,,,SMPpv1,right,CV
720575940609733582,efferent,descending,,,LB6,right,CV
720575940609844117,efferent,descending,,,LB6,right,CV
720575940609948514,efferent,descending,,,MX3,right,CV
720575940610001220,efferent,descending,,,MX12__prim,left,CV
720575940610010521,efferent,descending,,,PSp2,right,CV
720575940610091955,efferent,descending,,,LB7,left,CV
720575940610173048,efferent,descending,,,putative_primary,right,CV
720575940610199781,efferent,descending,,,PSp2,right,CV
720575940610231509,efferent,descending,,,MX3,left,CV
720575940610236514,efferent,descending,,,primary,right,CV
720575940610309034,efferent,descending,,,LB6,left,CV
720575940610341582,efferent,descending,,,LB7,left,CV
720575940610348458,efferent,descending,,,LB12,left,CV
720575940610440402,efferent,descending,,,LB6,right,CV
720575940610472146,efferent,descending,,,SMPpv2_dorsal,left,CV
720575940610505006,efferent,descending,,,putative_primary,right,CV
720575940610604078,efferent,descending,,,MX3,right,CV
720575940610605614,efferent,descending,,,putative_primary,left,CV
720575940610610841,efferent,descending,,,MX0__prim,right,CV
720575940610677828,efferent,descending,,,putative_primary,left,CV
720575940610715346,efferent,descending,,,SMPpv1,right,CV
720575940610863310,efferent,descending,,,LB12,right,CV
720575940610872014,efferent,descending,,,putative_primary,right,CV
720575940610935410,efferent,descending,,,LB7,right,CV
720575940611016910,efferent,descending,,,putative_primary,right,CV
720575940611087786,efferent,descending,,,LB7,left,CV
720575940611102437,efferent,descending,,,PSp2,right,CV
720575940611108676,efferent,descending,,,LB0_anterior,center,CV
720575940611225237,efferent,descending,,,putative_primary,left,CV
720575940611237594,efferent,descending,,,putative_primary,left,CV
720575940611308181,efferent,descending,,,LB7,left,CV
720575940611462885,efferent,descending,,,LB12,left,CV
720575940611474925,efferent,descending,,,,right,CV
720575940611498419,efferent,descending,,,LB7,left,CV
720575940611531986,efferent,descending,,,putative_primary,left,CV
720575940611552370,efferent,descending,,,LB7,right,CV
720575940611610670,efferent,descending,,,LB7,left,CV
720575940611622826,efferent,descending,,,putative_primary,left,CV
720575940611644529,efferent,descending,,,SMPpv2_ventral,right,CV
720575940611654570,efferent,descending,,,LB12,right,CV
720575940611700520,efferent,descending,,,MX12,left,CV
720575940611735002,efferent,descending,,,MD3,right,CV
720575940611735514,efferent,descending,,,WEDd1,left,CV
720575940611756723,efferent,descending,,,MX3,right,CV
720575940611765201,efferent,descending,,,LB6,right,CV
720575940611772083,efferent,descending,,,MX7__prim,left,CV
720575940611782874,efferent,descending,,,DM2_central,right,CV
720575940611807795,efferent,descending,,,MX12,right,CV
720575940611813842,efferent,descending,,,putative_primary,left,CV
720575940611881139,efferent,descending,,,putative_primary,left,CV
720575940611886289,efferent,descending,,,PSp2,left,CV
720575940611939290,efferent,descending,,,MX12,right,CV
720575940611956197,efferent,descending,,,putative_primary,left,CV
720575940611976618,efferent,descending,,,LB7,left,CV
720575940611981029,efferent,descending,,,MX12__prim,right,CV
720575940612014131,efferent,descending,,,LB12,left,CV
720575940612019825,efferent,descending,,,MX12,left,CV
720575940612028017,efferent,descending,,,LB7,left,CV
720575940612036837,efferent,descending,,,MX3,left,CV
720575940612058543,efferent,descending,,,LB7,left,CV
720575940612203482,efferent,descending,,,putative_primary,left,CV
720575940612206810,efferent,descending,,,MX12__prim,left,CV
720575940612288947,efferent,descending,,,LB7,right,CV
720575940612311987,efferent,descending,,,putative_primary,left,CV
720575940612335539,efferent,descending,,,LB6,right,CV
720575940612366322,efferent,descending,,,LB3,left,CV
720575940612373423,efferent,descending,,,LB7,left,CV
720575940612376805,efferent,descending,,,MX12__prim,right,CV
720575940612427414,efferent,descending,,,MX12,left,CV
720575940612427670,efferent,descending,,,MX12,left,CV
720575940612429714,efferent,descending,,,LB7,left,CV
720575940612429743,efferent,descending,,,,left,CV
720575940612488341,efferent,descending,,,SMPpv2_dorsal,right,CV
720575940612557994,efferent,descending,,,putative_primary,right,CV
720575940612586151,efferent,descending,,,LB12,right,CV
720575940612603289,efferent,descending,,,putative_primary,right,CV
720575940612629210,efferent,descending,,,MX3,right,CV
720575940612648106,efferent,descending,,,putative_primary,left,CV
720575940612682467,efferent,descending,,,putative_primary,left,CV
720575940612692889,efferent,descending,,,putative_primary,left,CV
720575940612698287,efferent,descending,,,LB12,left,CV
720575940612804606,efferent,descending,,,LB12,right,CV
720575940612804862,efferent,descending,,,LB12,right,CV
720575940612805118,efferent,descending,,,LB6,right,CV
720575940612922851,efferent,descending,,,LB12,right,CV
720575940613019541,efferent,descending,,,putative_primary,right,CV
720575940613088426,efferent,descending,,,putative_primary,left,CV
720575940613170498,efferent,descending,,,putative_primary,right,CV
720575940613200706,efferent,descending,,,PSp2,right,CV
720575940613307033,efferent,descending,,,putative_primary,left,CV
720575940613339875,efferent,descending,,,MD3,left,CV
720575940613347299,efferent,descending,,,putative_primary,right,CV
720575940613358450,efferent,descending,,,putative_primary,left,CV
720575940613403890,efferent,descending,,,SMPpm1,left,CV
720575940613408552,efferent,descending,,,WEDd1,left,CV
720575940613535554,efferent,descending,,,putative_primary,left,CV
720575940613558509,efferent,descending,,,putative_primary,right,CV
720575940613589167,efferent,descending,,,putative_primary,right,CV
720575940613590579,efferent,descending,,,MD3,left,CV
720575940613632153,efferent,descending,,,PSp2,right,CV
720575940613636325,efferent,descending,,,putative_primary,left,CV
720575940613668620,efferent,descending,,,LB12,left,CV
720575940613686954,efferent,descending,,,putative_primary,left,CV
720575940613717138,efferent,descending,,,putative_primary,right,CV
720575940613731270,efferent,descending,,,PSp2,right,CV
720575940613748689,efferent,descending,,,PSp2,right,CV
720575940613793170,efferent,descending,,,LB12,left,CV
720575940613814971,efferent,descending,,,LB6,left,CV
720575940613816062,efferent,descending,,,MX3,left,CV
720575940613838289,efferent,descending,,,putative_primary,right,CV
720575940613915823,efferent,descending,,,putative_primary,right,CV
720575940613917359,efferent,descending,,,MD3,right,CV
720575940613929391,efferent,descending,,,putative_primary,left,CV
720575940613998860,efferent,descending,,,LB12,right,CV
720575940614014895,efferent,descending,,,putative_primary,left,CV
720575940614046395,efferent,descending,,,LB7,left,CV
720575940614075363,efferent,descending,,,putative_primary,right,CV
720575940614089726,efferent,descending,,,putative_primary,right,CV
720575940614107554,efferent,descending,,,LB7,right,CV
720575940614129617,efferent,descending,,,MX12,right,CV
720575940614137907,efferent,descending,,,PSp2,left,CV
720575940614147701,efferent,descending,,,PSp2,right,CV
720575940614165201,efferent,descending,,,MX12,right,CV
720575940614181585,efferent,descending,,,LB7,right,CV
720575940614185366,efferent,descending,,,SMPpv1,right,CV
720575940614186449,efferent,descending,,,MX12__prim,left,CV
720575940614187006,efferent,descending,,,MX7__prim,right,CV
720575940614235323,efferent,descending,,,MX12__prim,left,CV
720575940614236200,efferent,descending,,,PSp2,right,CV
720575940614342038,efferent,descending,,,putative_primary,left,CV
720575940614348438,efferent,descending,,,WEDd1,left,CV
720575940614352278,efferent,descending,,,putative_primary,left,CV
720575940614363619,efferent,descending,,,SMPpv1,right,CV
720575940614384757,efferent,descending,,,putative_primary,right,CV
720575940614403178,efferent,descending,,,WEDd1,right,CV
720575940614478658,efferent,descending,,,LB7,left,CV
720575940614562207,efferent,descending,,,LB7,left,CV
720575940614572906,efferent,descending,,,LB12,left,CV
720575940614581410,efferent,descending,,,putative_primary,right,CV
720575940614587990,efferent,descending,,,PSp2,right,CV
720575940614588778,efferent,descending,,,MX12,right,CV
720575940614642838,efferent,descending,,,MX12,right,CV
720575940614660263,efferent,descending,,,putative_primary,right,CV
720575940614682274,efferent,descending,,,LB7,right,CV
720575940614730914,efferent,descending,,,putative_primary,left,CV
720575940614736034,efferent,descending,,,MX3,right,CV
720575940614759149,efferent,descending,,,MX3,left,CV
720575940614840715,efferent,descending,,,LB12,left,CV
720575940614843275,efferent,descending,,,LB12,left,CV
720575940614909506,efferent,descending,,,MX12__prim,right,CV
720575940614959675,efferent,descending,,,LB6,right,CV
720575940615023535,efferent,descending,,,putative_primary,right,CV
720575940615030568,efferent,descending,,,putative_primary,right,CV
720575940615043222,efferent,descending,,,WEDd1,right,CV
720575940615043368,efferent,descending,,,putative_primary,left,CV
720575940615058216,efferent,descending,,,PSp2,left,CV
720575940615092019,efferent,descending,,,putative_primary,left,CV
720575940615108714,efferent,descending,,,MX3,right,CV
720575940615219417,efferent,descending,,,PSp2,left,CV
720575940615251251,efferent,descending,,,putative_primary,left,CV
720575940615292895,efferent,descending,,,putative_primary,left,CV
720575940615323298,efferent,descending,,,MX7__prim,left,CV
720575940615364564,efferent,descending,,,LB7,left,CV
720575940615378399,efferent,descending,,,MX3,right,CV
720575940615378700,efferent,descending,,,SMPpv2_dorsal,left,CV
720575940615385798,efferent,descending,,,LB6,left,CV
720575940615424966,efferent,descending,,,LB7,right,CV
720575940615453182,efferent,descending,,,LB7,left,CV
720575940615495867,efferent,descending,,,LB7,right,CV
720575940615502604,efferent,descending,,,PSp2,left,CV
720575940615505406,efferent,descending,,,,right,CV
720575940615559892,efferent,descending,,,SMPpv1,left,CV
720575940615578043,efferent,descending,,,putative_primary,right,CV
720575940615607207,efferent,descending,,,putative_primary,right,CV
720575940615623051,efferent,descending,,,MX12,left,CV
720575940615630237,efferent,descending,,,PSp2,left,CV
720575940615659521,efferent,descending,,,LB7,right,CV
720575940615666655,efferent,descending,,,putative_primary,left,CV
720575940615671106,efferent,descending,,,putative_primary,left,CV
720575940615679282,efferent,descending,,,LB12,right,CV
720575940615692690,efferent,descending,,,SMPpv2_dorsal,left,CV
720575940615715003,efferent,descending,,,MX3,right,CV
720575940615794077,efferent,descending,,,PSp2,left,CV
720575940615798470,efferent,descending,,,PSp3,left,CV
720575940615898730,efferent,descending,,,MX3,right,CV
720575940615899622,efferent,descending,,,LB12,right,CV
720575940615957663,efferent,descending,,,LB12,right,CV
720575940615958203,efferent,descending,,,MX12,right,CV
720575940616026939,efferent,descending,,,primary,left,CV
720575940616076917,efferent,descending,,,LB12,right,CV
720575940616167986,efferent,descending,,,LB0_posterior,center,CV
720575940616185531,efferent,descending,,,MX12__prim,right,CV
720575940616274619,efferent,descending,,,putative_primary,right,CV
720575940616286175,efferent,descending,,,WEDd1,left,CV
720575940616293855,efferent,descending,,,putative_primary,left,CV
720575940616353675,efferent,descending,,,MX12,left,CV
720575940616374667,efferent,descending,,,LB12,right,CV
720575940616376287,efferent,descending,,,LB7__prim,left,CV
720575940616400470,efferent,descending,,,putative_primary,left,CV
720575940616401467,efferent,descending,,,MX3,left,CV
720575940616471052,efferent,descending,,,MX12__prim,left,CV
720575940616498742,efferent,descending,,,,right,CV
720575940616548416,efferent,descending,,,LB6,right,CV
720575940616597334,efferent,descending,,,putative_primary,left,CV
720575940616604817,efferent,descending,,,putative_primary,left,CV
720575940616647483,efferent,descending,,,putative_primary,left,CV
720575940616649845,efferent,descending,,,putative_primary,left,CV
720575940616688286,efferent,descending,,,MX3,right,CV
720575940616786433,efferent,descending,,,LB6,left,CV
720575940616826380,efferent,descending,,,putative_primary,left,CV
720575940616886301,efferent,descending,,,putative_primary,left,CV
720575940616935838,efferent,descending,,,LB6,right,CV
720575940616936226,efferent,descending,,,putative_primary,left,CV
720575940617030585,efferent,descending,,,PSp3,right,CV
720575940617031385,efferent,descending,,,putative_primary,right,CV
720575940617034565,efferent,descending,,,putative_primary,left,CV
720575940617035153,efferent,descending,,,MX3,left,CV
720575940617035449,efferent,descending,,,,right,CV
720575940617074393,efferent,descending,,,MX12,left,CV
720575940617140597,efferent,descending,,,PSp2,left,CV
720575940617245652,efferent,descending,,,putative_primary,right,CV
720575940617249254,efferent,descending,,,LB6,right,CV
720575940617280657,efferent,descending,,,putative_primary,right,CV
720575940617290043,efferent,descending,,,putative_primary,left,CV
720575940617295321,efferent,descending,,,LB7,right,CV
720575940617296029,efferent,descending,,,MX7__prim,right,CV
720575940617296699,efferent,descending,,,LB7,right,CV
720575940617373268,efferent,descending,,,putative_primary,right,CV
720575940617390641,efferent,descending,,,MX12,right,CV
720575940617399257,efferent,descending,,,putative_primary,left,CV
720575940617432065,efferent,descending,,,putative_primary,right,CV
720575940617448331,efferent,descending,,,SMPpv1,right,CV
720575940617477022,efferent,descending,,,LB7,left,CV
720575940617498507,efferent,descending,,,LB12,right,CV
720575940617552569,efferent,descending,,,putative_primary,left,CV
720575940617554577,efferent,descending,,,MX12,right,CV
720575940617568697,efferent,descending,,,MX12,left,CV
720575940617663093,efferent,descending,,,LB7,right,CV
720575940617689816,efferent,descending,,,LB6,left,CV
720575940617696728,efferent,descending,,,PSp2,right,CV
720575940617750070,efferent,descending,,,putative_primary,left,CV
720575940617792069,efferent,descending,,,putative_primary,right,CV
720575940617802187,efferent,descending,,,PSp2,left,CV
720575940617802699,efferent,descending,,,PSp2,left,CV
720575940617809181,efferent,descending,,,SMPpv2_ventral,right,CV
720575940617873201,efferent,descending,,,,left,CV
720575940617904208,efferent,descending,,,putative_primary,right,CV
720575940617917396,efferent,descending,,,putative_primary,left,CV
720575940617918021,efferent,descending,,,MX3,left,CV
720575940617922439,efferent,descending,,,LB12,right,CV
720575940617950877,efferent,descending,,,putative_primary,right,CV
720575940617952034,efferent,descending,,,SMPpv2_dorsal,right,CV
720575940617990228,efferent,descending,,,MD3,right,CV
720575940617993607,efferent,descending,,,MX12,left,CV
720575940618051801,efferent,descending,,,MX3,left,CV
720575940618086535,efferent,descending,,,LB7,right,CV
720575940618147520,efferent,descending,,,MX12,left,CV
720575940618156829,efferent,descending,,,putative_primary,left,CV
720575940618167579,efferent,descending,,,WEDd1,left,CV
720575940618182480,efferent,descending,,,LB12,left,CV
720575940618203707,efferent,descending,,,putative_primary,left,CV
720575940618291520,efferent,descending,,,putative_primary,right,CV
720575940618314897,efferent,descending,,,SMPpv2_ventral,right,CV
720575940618382529,efferent,descending,,,PSp2,left,CV
720575940618393478,efferent,descending,,,MX12,right,CV
720575940618398533,efferent,descending,,,putative_primary,right,CV
720575940618402694,efferent,descending,,,PSp2,right,CV
720575940618405686,efferent,descending,,,MX12__prim,left,CV
720575940618427156,efferent,descending,,,LB7,right,CV
720575940618440000,efferent,descending,,,putative_primary,left,CV
720575940618440943,efferent,descending,,,LB12,left,CV
720575940618514043,efferent,descending,,,LB7__prim,left,CV
720575940618519454,efferent,descending,,,MX12,left,CV
720575940618548244,efferent,descending,,,,right,CV
720575940618550699,efferent,descending,,,PSp2,left,CV
720575940618574749,efferent,descending,,,putative_primary,left,CV
720575940618594022,efferent,descending,,,PSp3,left,CV
720575940618594117,efferent,descending,,,putative_primary,right,CV
720575940618658974,efferent,descending,,,putative_primary,right,CV
720575940618663838,efferent,descending,,,MD3,left,CV
720575940618666142,efferent,descending,,,MX12__prim,left,CV
720575940618698411,efferent,descending,,,LB12,right,CV
720575940618706603,efferent,descending,,,PSp2,right,CV
720575940618762605,efferent,descending,,,MX12,left,CV
720575940618818395,efferent,descending,,,MX3,left,CV
720575940618827910,efferent,descending,,,LB6,left,CV
720575940618863553,efferent,descending,,,,right,CV
720575940618870113,efferent,descending,,,LB7,left,CV
720575940618870881,efferent,descending,,,PSp2,left,CV
720575940618876830,efferent,descending,,,LB12,right,CV
720575940618936710,efferent,descending,,,SMPpv2_dorsal,right,CV
720575940618947956,efferent,descending,,,MX12,left,CV
720575940619024542,efferent,descending,,,putative_primary,left,CV
720575940619024816,efferent,descending,,,PSp2,right,CV
720575940619038366,efferent,descending,,,putative_primary,right,CV
720575940619038493,efferent,descending,,,putative_primary,right,CV
720575940619074836,efferent,descending,,,LB12,left,CV
720575940619077755,efferent,descending,,,MX12__prim,right,CV
720575940619089005,efferent,descending,,,PSp2,left,CV
720575940619090541,efferent,descending,,,PSp2,left,CV
720575940619116061,efferent,descending,,,putative_primary,right,CV
720575940619133878,efferent,descending,,,MX12,left,CV
720575940619152856,efferent,descending,,,putative_primary,right,CV
720575940619191966,efferent,descending,,,putative_primary,right,CV
720575940619315888,efferent,descending,,,PSp2,left,CV
720575940619332944,efferent,descending,,,MD3,right,CV
720575940619341744,efferent,descending,,,PSp2,left,CV
720575940619372726,efferent,descending,,,LB7,right,CV
720575940619431765,efferent,descending,,,LB6,left,CV
720575940619432261,efferent,descending,,,putative_primary,left,CV
720575940619434587,efferent,descending,,,,right,CV
720575940619451989,efferent,descending,,,DM2_central,left,CV
720575940619486891,efferent,descending,,,PSp2,left,CV
720575940619524852,efferent,descending,,,MX12,left,CV
720575940619530187,efferent,descending,,,,right,CV
720575940619548799,efferent,descending,,,putative_primary,right,CV
720575940619582168,efferent,descending,,,putative_primary,left,CV
720575940619590360,efferent,descending,,,LB7,left,CV
720575940619654053,efferent,descending,,,SMPpv2_ventral,left,CV
720575940619676598,efferent,descending,,,LB7,right,CV
720575940619678366,efferent,descending,,,putative_primary,right,CV
720575940619744496,efferent,descending,,,putative_primary,left,CV
720575940619751872,efferent,descending,,,MX12,right,CV
720575940619757366,efferent,descending,,,putative_primary,left,CV
720575940619790975,efferent,descending,,,PSp2,left,CV
720575940619877396,efferent,descending,,,putative_primary,right,CV
720575940619905916,efferent,descending,,,LB6,left,CV
720575940619910080,efferent,descending,,,LB7,right,CV
720575940619928346,efferent,descending,,,LB12,left,CV
720575940619944513,efferent,descending,,,LB6,right,CV
720575940619945931,efferent,descending,,,,right,CV
720575940620017261,efferent,descending,,,MX12,right,CV
720575940620038779,efferent,descending,,,putative_primary,right,CV
720575940620054694,efferent,descending,,,putative_primary,left,CV
720575940620082512,efferent,descending,,,putative_primary,right,CV
720575940620110215,efferent,descending,,,LB7,right,CV
720575940620135645,efferent,descending,,,MX12,left,CV
720575940620149836,efferent,descending,,,MX12,right,CV
720575940620153765,efferent,descending,,,putative_primary,left,CV
720575940620156283,efferent,descending,,,putative_primary,left,CV
720575940620169607,efferent,descending,,,MD3,right,CV
720575940620231590,efferent,descending,,,MX3,left,CV
720575940620297819,efferent,descending,,,MX12__prim,left,CV
720575940620298772,efferent,descending,,,putative_primary,left,CV
720575940620300308,efferent,descending,,,MX3,right,CV
720575940620322497,efferent,descending,,,WEDd1,left,CV
720575940620328828,efferent,descending,,,LB12,left,CV
720575940620354836,efferent,descending,,,putative_primary,right,CV
720575940620369517,efferent,descending,,,SMPpm1,left,CV
720575940620380449,efferent,descending,,,WEDd1,right,CV
720575940620404182,efferent,descending,,,LB12,left,CV
720575940620468718,efferent,descending,,,SMPpv2_ventral,right,CV
720575940620470976,efferent,descending,,,LB19,right,CV
720575940620473547,efferent,descending,,,putative_primary,left,CV
720575940620534768,efferent,descending,,,WEDd1,left,CV
720575940620541099,efferent,descending,,,putative_primary,left,CV
720575940620543025,efferent,descending,,,putative_primary,left,CV
720575940620561840,efferent,descending,,,putative_primary,right,CV
720575940620564673,efferent,descending,,,LB6,right,CV
720575940620582260,efferent,descending,,,SMPpv2_dorsal,left,CV
720575940620595883,efferent,descending,,,LB6,right,CV
720575940620621190,efferent,descending,,,MD3,left,CV
720575940620622708,efferent,descending,,,putative_primary,right,CV
720575940620625880,efferent,descending,,,SMPpv1,left,CV
720575940620632369,efferent,descending,,,LB6,left,CV
720575940620642940,efferent,descending,,,putative_primary,right,CV
720575940620711334,efferent,descending,,,WEDd1,right,CV
720575940620714150,efferent,descending,,,putative_primary,right,CV
720575940620749807,efferent,descending,,,putative_primary,right,CV
720575940620757748,efferent,descending,,,DM2_central,left,CV
720575940620760692,efferent,descending,,,putative_primary,right,CV
720575940620776880,efferent,descending,,,putative_primary,left,CV
720575940620804566,efferent,descending,,,LB7,left,CV
720575940620815896,efferent,descending,,,LB6,left,CV
720575940620823828,efferent,descending,,,WEDd1,left,CV
720575940620859630,efferent,descending,,,putative_primary,right,CV
720575940620878785,efferent,descending,,,putative_primary,right,CV
720575940620915224,efferent,descending,,,LB7,right,CV
720575940620918789,efferent,descending,,,WEDd1,left,CV
720575940620929483,efferent,descending,,,MX3,left,CV
720575940621002480,efferent,descending,,,LB7,right,CV
720575940621021278,efferent,descending,,,LB6,left,CV
720575940621031006,efferent,descending,,,SMPpm1,right,CV
720575940621065301,efferent,descending,,,putative_primary,left,CV
720575940621068464,efferent,descending,,,putative_primary,right,CV
720575940621071017,efferent,descending,,,LB7,left,CV
720575940621071495,efferent,descending,,,LB7,right,CV
720575940621082111,efferent,descending,,,,left,CV
720575940621107847,efferent,descending,,,MX3,right,CV
720575940621119061,efferent,descending,,,putative_primary,left,CV
720575940621121159,efferent,descending,,,LB7,right,CV
720575940621157645,efferent,descending,,,PSp2,right,CV
720575940621181066,efferent,descending,,,MX12,left,CV
720575940621196037,efferent,descending,,,SMPpv1,right,CV
720575940621226484,efferent,descending,,,putative_primary,right,CV
720575940621246068,efferent,descending,,,putative_primary,left,CV
720575940621257340,efferent,descending,,,SMPpv1,left,CV
720575940621270410,efferent,descending,,,PSp2,right,CV
720575940621274845,efferent,descending,,,MX3,right,CV
720575940621294218,efferent,descending,,,,left,CV
720575940621304004,efferent,descending,,,LB7,right,CV
720575940621304723,efferent,descending,,,PSp2,right,CV
720575940621313414,efferent,descending,,,putative_primary,left,CV
720575940621319156,efferent,descending,,,putative_primary,left,CV
720575940621325034,efferent,descending,,,LB12,right,CV
720575940621336852,efferent,descending,,,MX3,right,CV
720575940621339713,efferent,descending,,,LB7,right,CV
720575940621388453,efferent,descending,,,putative_primary,left,CV
720575940621392086,efferent,descending,,,putative_primary,left,CV
720575940621399174,efferent,descending,,,MD3,left,CV
720575940621401222,efferent,descending,,,putative_primary,right,CV
720575940621471157,efferent,descending,,,MX3,right,CV
720575940621519130,efferent,descending,,,WEDd1,right,CV
720575940621530117,efferent,descending,,,putative_primary,right,CV
720575940621534273,efferent,descending,,,LB6,left,CV
720575940621554112,efferent,descending,,,putative_primary,right,CV
720575940621561697,efferent,descending,ocellar,,putative_primary,left,CV
720575940621566844,efferent,descending,,,putative_primary,left,CV
720575940621572890,efferent,descending,,,LB7,left,CV
720575940621586473,efferent,descending,,,LB7,left,CV
720575940621599604,efferent,descending,,,LB7,right,CV
720575940621626394,efferent,descending,,,putative_primary,right,CV
720575940621628582,efferent,descending,,,LB23,left,CV
720575940621629578,efferent,descending,,,PSp2,right,CV
720575940621640885,efferent,descending,,,MX12,right,CV
720575940621667693,efferent,descending,,,putative_primary,left,CV
720575940621700789,efferent,descending,,,LB7,left,CV
720575940621767306,efferent,descending,,,MX12,left,CV
720575940621783628,efferent,descending,,,LB7,left,CV
720575940621801456,efferent,descending,,,MX3,left,CV
720575940621804159,efferent,descending,,,putative_primary,left,CV
720575940621817326,efferent,descending,,,LB6,right,CV
720575940621909739,efferent,descending,,,LB12,right,CV
720575940621923837,efferent,descending,,,putative_primary,left,CV
720575940621947653,efferent,descending,,,MD3,right,CV
720575940622010373,efferent,descending,,,MD0__prim,center,CV
720575940622027222,efferent,descending,,,putative_primary,right,CV
720575940622037926,efferent,descending,,,putative_primary,right,CV
720575940622040419,efferent,descending,,,SMPpv1,left,CV
720575940622042603,efferent,descending,,,LB12,left,CV
720575940622067165,efferent,descending,,,MD3,left,CV
720575940622123400,efferent,descending,,,LB7,left,CV
720575940622147873,efferent,descending,,,putative_primary,left,CV
720575940622160560,efferent,descending,,,MD3,right,CV
720575940622161366,efferent,descending,,,putative_primary,right,CV
720575940622195625,efferent,descending,,,putative_primary,right,CV
720575940622204186,efferent,descending,,,WEDd1,right,CV
720575940622237466,efferent,descending,,,LB0_posterior,center,CV
720575940622248453,efferent,descending,,,putative_primary,left,CV
720575940622263066,efferent,descending,,,MD3,right,CV
720575940622321110,efferent,descending,,,putative_primary,right,CV
720575940622332403,efferent,descending,,,MX12,left,CV
720575940622347784,efferent,descending,,,LB12,left,CV
720575940622351996,efferent,descending,,,MX12,right,CV
720575940622352764,efferent,descending,,,LB6,left,CV
720575940622386824,efferent,descending,,,MX12,right,CV
720575940622437671,efferent,descending,,,PSp2,right,CV
720575940622478349,efferent,descending,,,MX12,right,CV
720575940622486644,efferent,descending,,,,right,CV
720575940622500172,efferent,descending,,,MX3,right,CV
720575940622505511,efferent,descending,,,PSp2,left,CV
720575940622537477,efferent,descending,,,putative_primary,left,CV
720575940622537653,efferent,descending,,,MD3,left,CV
720575940622540899,efferent,descending,,,putative_primary,right,CV
720575940622550089,efferent,descending,,,putative_primary,right,CV
720575940622565590,efferent,descending,,,putative_primary,right,CV
720575940622579967,efferent,descending,,,MX7__prim,left,CV
720575940622594186,efferent,descending,,,LB6,right,CV
720575940622632084,efferent,descending,,,MX12,right,CV
720575940622633716,efferent,descending,,,LB7__prim,left,CV
720575940622673860,efferent,descending,,,SMPpv2_ventral,left,CV
720575940622675421,efferent,descending,,,putative_primary,left,CV
720575940622681864,efferent,descending,,,LB12,left,CV
720575940622728728,efferent,descending,,,LB7,right,CV
720575940622760269,efferent,descending,,,MX3,right,CV
720575940622786317,efferent,descending,,,LB6,left,CV
720575940622797244,efferent,descending,,,MX12,left,CV
720575940622805700,efferent,descending,,,LB7,right,CV
720575940622806247,efferent,descending,,,LB6,right,CV
720575940622836970,efferent,descending,,,PSp2,left,CV
720575940622838154,efferent,descending,,,putative_primary,left,CV
720575940622843530,efferent,descending,,,putative_primary,right,CV
720575940622878719,efferent,descending,,,MX3,right,CV
720575940622910188,efferent,descending,,,LB12,right,CV
720575940622917351,efferent,descending,,,PSp2,left,CV
720575940622925972,efferent,descending,,,LB12,right,CV
720575940622929193,efferent,descending,,,LB7,right,CV
720575940622933765,efferent,descending,,,putative_primary,left,CV
720575940622944196,efferent,descending,,,LB7,left,CV
720575940622996579,efferent,descending,,,MX3,right,CV
720575940623014695,efferent,descending,,,DM2_central,right,CV
720575940623019544,efferent,descending,,,WEDd1,right,CV
720575940623033532,efferent,descending,,,MX3,left,CV
720575940623037720,efferent,descending,,,MX3,left,CV
720575940623052728,efferent,descending,,,PSp2,right,CV
720575940623062515,efferent,descending,,,WEDd1,right,CV
720575940623068841,efferent,descending,,,putative_primary,left,CV
720575940623110123,efferent,descending,,,,left,CV
720575940623122125,efferent,descending,,,PSp2,right,CV
720575940623125628,efferent,descending,,,putative_primary,right,CV
720575940623128269,efferent,descending,,,putative_primary,left,CV
720575940623132621,efferent,descending,,,putative_primary,right,CV
720575940623137212,efferent,descending,,,putative_primary,left,CV
720575940623142426,efferent,descending,,,SMPpm1,left,CV
720575940623153788,efferent,descending,,,putative_primary,left,CV
720575940623164685,efferent,descending,,,putative_primary,left,CV
720575940623193293,efferent,descending,,,LB7,right,CV
720575940623203004,efferent,descending,,,PSp2,left,CV
720575940623222712,efferent,descending,,,LB12,right,CV
720575940623274966,efferent,descending,,,DM6_central2,left,CV
720575940623276168,efferent,descending,,,SMPpv2_ventral,right,CV
720575940623338281,efferent,descending,,,MX3,right,CV
720575940623355114,efferent,descending,,,putative_primary,right,CV
720575940623385894,efferent,descending,,,putative_primary,right,CV
720575940623426854,efferent,descending,,,putative_primary,left,CV
720575940623431351,efferent,descending,,,putative_primary,right,CV
720575940623431571,efferent,descending,,,putative_primary,right,CV
720575940623446860,efferent,descending,,,putative_primary,right,CV
720575940623467527,efferent,descending,,,putative_primary,left,CV
720575940623468691,efferent,descending,,,WEDd1,left,CV
720575940623491987,efferent,descending,,,LB12,right,CV
720575940623498876,efferent,descending,,,LB7,right,CV
720575940623503318,efferent,descending,,,putative_primary,right,CV
720575940623528842,efferent,descending,,,PSp2,right,CV
720575940623537485,efferent,descending,,,LB7,left,CV
720575940623543117,efferent,descending,,,LB7,right,CV
720575940623556755,efferent,descending,,,PSp2,left,CV
720575940623582867,efferent,descending,,,SMPpm1,right,CV
720575940623626986,efferent,descending,,,,left,CV
720575940623637226,efferent,descending,,,putative_primary,right,CV
720575940623706405,efferent,descending,,,,left,CV
720575940623776235,efferent,descending,,,LB6,right,CV
720575940623781127,efferent,descending,,,putative_primary,left,CV
720575940623781611,efferent,descending,,,MX12,right,CV
720575940623786376,efferent,descending,,,putative_primary,left,CV
720575940623899082,efferent,descending,,,LB7,right,CV
720575940623918121,efferent,descending,,,putative_primary,left,CV
720575940623925173,efferent,descending,,,putative_primary,left,CV
720575940623934096,efferent,descending,,,LB7,left,CV
720575940623938823,efferent,descending,,,putative_primary,right,CV
720575940623968612,efferent,descending,,,LB6,right,CV
720575940623992300,efferent,descending,,,PSp2,right,CV
720575940624015287,efferent,descending,,,putative_primary,left,CV
720575940624082931,efferent,descending,,,LB12,left,CV
720575940624106388,efferent,descending,,,MX12,right,CV
720575940624121161,efferent,descending,,,putative_primary,right,CV
720575940624131913,efferent,descending,,,MX3,right,CV
720575940624154604,efferent,descending,,,LB6,right,CV
720575940624229925,efferent,descending,,,LB12,right,CV
720575940624234242,efferent,descending,,,LB6,left,CV
720575940624280066,efferent,descending,,,putative_primary,left,CV
720575940624319124,efferent,descending,,,MX12__prim,left,CV
720575940624333802,efferent,descending,,,putative_primary,right,CV
720575940624349993,efferent,descending,,,SMPpv2_ventral,left,CV
720575940624374334,efferent,descending,,,LB7,left,CV
720575940624394498,efferent,descending,,,MX12,left,CV
720575940624402173,efferent,descending,,,putative_primary,left,CV
720575940624404872,efferent,descending,,,putative_primary,right,CV
720575940624407944,efferent,descending,,,DM6_central1,left,CV
720575940624426680,efferent,descending,,,putative_primary,left,CV
720575940624448956,efferent,descending,,,MX3,left,CV
720575940624459907,efferent,descending,,,putative_primary,right,CV
720575940624484796,efferent,descending,,,MX12,left,CV
720575940624530407,efferent,descending,,,LB6,left,CV
720575940624537284,efferent,descending,,,putative_primary,left,CV
720575940624651189,efferent,descending,,,putative_primary,left,CV
720575940624655285,efferent,descending,,,PSp2,left,CV
720575940624748419,efferent,descending,,,MX3,right,CV
720575940624750480,efferent,descending,,,MD3,left,CV
720575940624766700,efferent,descending,,,putative_primary,left,CV
720575940624801771,efferent,descending,,,putative_primary,left,CV
720575940624816115,efferent,descending,,,LB6,left,CV
720575940624861072,efferent,descending,,,putative_primary,right,CV
720575940624874983,efferent,descending,,,WEDd1,right,CV
720575940624877360,efferent,descending,,,putative_primary,left,CV
720575940624882151,efferent,descending,,,LB7,right,CV
720575940624897516,efferent,descending,,,MX3,left,CV
720575940624967463,efferent,descending,,,MX3,left,CV
720575940624968013,efferent,descending,,,LB12,right,CV
720575940624977847,efferent,descending,,,DM6_central1,left,CV
720575940624982823,efferent,descending,,,putative_primary,left,CV
720575940624986300,efferent,descending,,,putative_primary,right,CV
720575940624986919,efferent,descending,,,WEDd1,left,CV
720575940624991495,efferent,descending,,,MX3,left,CV
720575940625006776,efferent,descending,,,putative_primary,right,CV
720575940625047479,efferent,descending,,,MX0__prim,left,CV
720575940625047815,efferent,descending,,,LB7,left,CV
720575940625065653,efferent,descending,,,LB7,left,CV
720575940625090314,efferent,descending,,,WEDd1,right,CV
720575940625094325,efferent,descending,,,WEDd1,left,CV
720575940625144061,efferent,descending,,,LB12,right,CV
720575940625182341,efferent,descending,,,putative_primary,left,CV
720575940625184782,efferent,descending,,,putative_primary,left,CV
720575940625187940,efferent,descending,,,LB7,left,CV
720575940625253649,efferent,descending,,,MX12,right,CV
720575940625295339,efferent,descending,,,PSp2,right,CV
720575940625306603,efferent,descending,,,putative_primary,left,CV
720575940625314058,efferent,descending,,,LB12,right,CV
720575940625343761,efferent,descending,,,LB6,right,CV
720575940625345511,efferent,descending,,,SMPpm1,right,CV
720575940625345584,efferent,descending,,,LB12,left,CV
720575940625353736,efferent,descending,,,,left,CV
720575940625376062,efferent,descending,,,MX3,right,CV
720575940625396252,efferent,descending,,,LB7,left,CV
720575940625420986,efferent,descending,,,DM6_central2,right,CV
720575940625422609,efferent,descending,,,MX12,left,CV
720575940625426469,efferent,descending,,,LB7,right,CV
720575940625467280,efferent,descending,,,PSp2,right,CV
720575940625482954,efferent,descending,,,LB12,right,CV
720575940625489160,efferent,descending,,,LB0_posterior,center,CV
720575940625502666,efferent,descending,,,WEDd1,right,CV
720575940625513360,efferent,descending,,,putative_primary,right,CV
720575940625539984,efferent,descending,,,PSp3,left,CV
720575940625550398,efferent,descending,,,LB12,right,CV
720575940625558730,efferent,descending,,,putative_primary,right,CV
720575940625573322,efferent,descending,,,WEDd1,right,CV
720575940625573653,efferent,descending,,,LB6,left,CV
720575940625596647,efferent,descending,,,LB6,left,CV
720575940625641402,efferent,descending,,,LB7__prim,left,CV
720575940625642302,efferent,descending,,,MX12,right,CV
720575940625673196,efferent,descending,,,SMPpv2_ventral,left,CV
720575940625718053,efferent,descending,,,,right,CV
720575940625733351,efferent,descending,,,putative_primary,right,CV
720575940625744784,efferent,descending,,,PSp2,right,CV
720575940625747812,efferent,descending,,,PSp3,right,CV
720575940625815562,efferent,descending,,,putative_primary,left,CV
720575940625863728,efferent,descending,,,putative_primary,left,CV
720575940625870640,efferent,descending,,,putative_primary,right,CV
720575940625872688,efferent,descending,,,MX12,left,CV
720575940625878160,efferent,descending,,,putative_primary,left,CV
720575940625887207,efferent,descending,,,MX12,right,CV
720575940625890812,efferent,descending,,,PSp2,left,CV
720575940625890888,efferent,descending,,,,left,CV
720575940625937340,efferent,descending,,,MX3,right,CV
720575940625963432,efferent,descending,,,LB12,right,CV
720575940626009852,efferent,descending,,,putative_primary,right,CV
720575940626027752,efferent,descending,,,LB7,right,CV
720575940626068569,efferent,descending,,,LB6,right,CV
720575940626085562,efferent,descending,,,putative_primary,left,CV
720575940626088835,efferent,descending,,,LB12,left,CV
720575940626092302,efferent,descending,,,putative_primary,left,CV
720575940626165489,efferent,descending,,,PSp2,right,CV
720575940626179614,efferent,descending,,,MX7__prim,right,CV
720575940626187014,efferent,descending,,,LB12,left,CV
720575940626189657,efferent,descending,,,LB7,left,CV
720575940626229337,efferent,descending,,,LB12,left,CV
720575940626238716,efferent,descending,,,LB7,left,CV
720575940626268761,efferent,descending,,,,right,CV
720575940626278129,efferent,descending,,,LB12,left,CV
720575940626295396,efferent,descending,,,LB23,right,CV
720575940626296339,efferent,descending,,,LB7,left,CV
720575940626319235,efferent,descending,,,putative_primary,right,CV
720575940626328707,efferent,descending,,,WEDd1,right,CV
720575940626377349,efferent,descending,,,LB12,left,CV
720575940626399588,efferent,descending,,,MX12,right,CV
720575940626518858,efferent,descending,,,,right,CV
720575940626524702,efferent,descending,,,MD3,left,CV
720575940626527055,efferent,descending,,,MX12,right,CV
720575940626557442,efferent,descending,,,MX12__prim,right,CV
720575940626562833,efferent,descending,,,VLPl&p2_posterior,left,CV
720575940626580794,efferent,descending,,,LB7,right,CV
720575940626639259,efferent,descending,,,LB6,left,CV
720575940626663994,efferent,descending,,,LB7,left,CV
720575940626665489,efferent,descending,,,PSp2,left,CV
720575940626672058,efferent,descending,,,putative_primary,left,CV
720575940626729295,efferent,descending,,,LB7,left,CV
720575940626730883,efferent,descending,,,MX3,left,CV
720575940626732776,efferent,descending,,,MX3,left,CV
720575940626745987,efferent,descending,,,LB7,left,CV
720575940626748702,efferent,descending,,,LB7,left,CV
720575940626799920,efferent,descending,,,MX3,right,CV
720575940626806046,efferent,descending,,,SMPpv2_ventral,right,CV
720575940626816062,efferent,descending,,,MX3,left,CV
720575940626834698,efferent,descending,,,MX12,right,CV
720575940626849546,efferent,descending,,,MX12,left,CV
720575940626859283,efferent,descending,,,SMPpv2_dorsal,right,CV
720575940626877639,efferent,descending,,,LB7,right,CV
720575940626888250,efferent,descending,,,,right,CV
720575940626889491,efferent,descending,,,putative_primary,right,CV
720575940626901136,efferent,descending,,,MX3,left,CV
720575940626904219,efferent,descending,,,LB12,left,CV
720575940626919579,efferent,descending,,,LB12,left,CV
720575940626936324,efferent,descending,,,MX3,right,CV
720575940626982181,efferent,descending,,,MD3,left,CV
720575940626993694,efferent,descending,,,LB6,left,CV
720575940627001637,efferent,descending,,,putative_primary,left,CV
720575940627003179,efferent,descending,,,LB12,right,CV
720575940627015196,efferent,descending,,,putative_primary,left,CV
720575940627021349,efferent,descending,,,LB12,left,CV
720575940627044885,efferent,descending,,,MX3,right,CV
720575940627055303,efferent,descending,,,putative_primary,left,CV
720575940627087646,efferent,descending,,,MX3,right,CV
720575940627099338,efferent,descending,,,putative_primary,left,CV
720575940627107721,efferent,descending,,,putative_primary,right,CV
720575940627139530,efferent,descending,,,WEDd1,left,CV
720575940627166851,efferent,descending,,,putative_primary,left,CV
720575940627167516,efferent,descending,,,putative_primary,right,CV
720575940627210568,efferent,descending,,,MD3,left,CV
720575940627234069,efferent,descending,,,MX12__prim,right,CV
720575940627241321,efferent,descending,,,PSp2,right,CV
720575940627285267,efferent,descending,,,MX12__prim,right,CV
720575940627303699,efferent,descending,,,LB6,right,CV
720575940627307625,efferent,descending,,,LB7,left,CV
720575940627366675,efferent,descending,,,MX7__prim,left,CV
720575940627368723,efferent,descending,,,putative_primary,left,CV
720575940627403578,efferent,descending,,,,left,CV
720575940627414887,efferent,descending,,,LB12,right,CV
720575940627417619,efferent,descending,,,MX12,right,CV
720575940627419676,efferent,descending,,,MX12__prim,right,CV
720575940627432680,efferent,descending,,,WEDd1,right,CV
720575940627482114,efferent,descending,,,putative_primary,left,CV
720575940627490459,efferent,descending,,,,left,CV
720575940627496829,efferent,descending,,,putative_primary,left,CV
720575940627500279,efferent,descending,,,MX12,left,CV
720575940627538434,efferent,descending,,,MD3,right,CV
720575940627542316,efferent,descending,,,PSp2,right,CV
720575940627560236,efferent,descending,,,PSp2,left,CV
720575940627582724,efferent,descending,,,primary,left,CV
720575940627595772,efferent,descending,,,MX12,right,CV
720575940627620593,efferent,descending,,,putative_primary,left,CV
720575940627629598,efferent,descending,,,MD3,left,CV
720575940627645514,efferent,descending,,,putative_primary,left,CV
720575940627652358,efferent,descending,,,SMPpv2_ventral,right,CV
720575940627691458,efferent,descending,,,LB12,right,CV
720575940627722234,efferent,descending,,,LB7,left,CV
720575940627731176,efferent,descending,,,LB12,right,CV
720575940627731599,efferent,descending,,,putative_primary,left,CV
720575940627732361,efferent,descending,,,putative_primary,right,CV
720575940627732423,efferent,descending,,,,left,CV
720575940627750216,efferent,descending,,,putative_primary,left,CV
720575940627771279,efferent,descending,,,putative_primary,right,CV
720575940627787609,efferent,descending,,,WEDd1,left,CV
720575940627790991,efferent,descending,,,LB0_anterior,center,CV
720575940627799802,efferent,descending,,,LB7,left,CV
720575940627812168,efferent,descending,,,putative_primary,left,CV
720575940627814522,efferent,descending,,,MX12,left,CV
720575940627825923,efferent,descending,,,putative_primary,left,CV
720575940627826760,efferent,descending,,,LB7__prim,right,CV
720575940627827697,efferent,descending,,,putative_primary,right,CV
720575940627828552,efferent,descending,,,LB7__prim,right,CV
720575940627845704,efferent,descending,,,putative_primary,right,CV
720575940627847752,efferent,descending,,,putative_primary,left,CV
720575940627850622,efferent,descending,,,LB12,left,CV
720575940627921182,efferent,descending,,,SMPpv1,left,CV
720575940627924227,efferent,descending,,,putative_primary,left,CV
720575940627946261,efferent,descending,,,WEDd1,right,CV
720575940627949589,efferent,descending,,,putative_primary,right,CV
720575940627997050,efferent,descending,,,putative_primary,right,CV
720575940628030440,efferent,descending,,,putative_primary,right,CV
720575940628125715,efferent,descending,,,LB7__prim,left,CV
720575940628132745,efferent,descending,,,putative_primary,right,CV
720575940628225167,efferent,descending,,,putative_primary,right,CV
720575940628241628,efferent,descending,,,MX12,right,CV
720575940628252751,efferent,descending,,,LB7,left,CV
720575940628264585,efferent,descending,,,MD3,right,CV
720575940628345610,efferent,descending,,,putative_primary,right,CV
720575940628352850,efferent,descending,,,putative_primary,left,CV
720575940628360723,efferent,descending,,,putative_primary,left,CV
720575940628378440,efferent,descending,,,MX12,left,CV
720575940628387663,efferent,descending,,,putative_primary,left,CV
720575940628397138,efferent,descending,,,LB12,right,CV
720575940628398202,efferent,descending,,,PSp2,left,CV
720575940628436282,efferent,descending,,,putative_primary,right,CV
720575940628437291,efferent,descending,,,SMPpv2_ventral,left,CV
720575940628441862,efferent,descending,,,putative_primary,left,CV
720575940628445169,efferent,descending,,,MX12,left,CV
720575940628467830,efferent,descending,,,MX3,right,CV
720575940628487153,efferent,descending,,,LB6,right,CV
720575940628498161,efferent,descending,,,PSp3,left,CV
720575940628577897,efferent,descending,,,WEDd1,left,CV
720575940628582607,efferent,descending,,,LB12,right,CV
720575940628627867,efferent,descending,,,putative_primary,right,CV
720575940628659049,efferent,descending,,,putative_primary,right,CV
720575940628659305,efferent,descending,,,MX3,left,CV
720575940628669545,efferent,descending,,,putative_primary,right,CV
720575940628731140,efferent,descending,,,,left,CV
720575940628745209,efferent,descending,,,LB6,right,CV
720575940628796780,efferent,descending,,,putative_primary,right,CV
720575940628800207,efferent,descending,,,LB12,left,CV
720575940628825348,efferent,descending,,,LB7,right,CV
720575940628844712,efferent,descending,,,MX12__prim,right,CV
720575940628858640,efferent,descending,,,VLPl&p2_posterior,right,CV
720575940628869648,efferent,descending,,,putative_primary,right,CV
720575940628881576,efferent,descending,,,MX3,right,CV
720575940628883535,efferent,descending,,,MX3,right,CV
720575940628884496,efferent,descending,,,putative_primary,right,CV
720575940628885160,efferent,descending,,,putative_primary,right,CV
720575940628895787,efferent,descending,,,PSp2,right,CV
720575940628942586,efferent,descending,,,LB12,left,CV
720575940628971779,efferent,descending,,,putative_primary,left,CV
720575940628993871,efferent,descending,,,LB12,right,CV
720575940629012227,efferent,descending,,,putative_primary,right,CV
720575940629041879,efferent,descending,,,putative_primary,right,CV
720575940629064186,efferent,descending,,,putative_primary,right,CV
720575940629139968,efferent,descending,,,LB7,right,CV
720575940629155227,efferent,descending,,,SMPpv2_ventral,right,CV
720575940629170250,efferent,descending,,,putative_primary,right,CV
720575940629240263,efferent,descending,,,LB7__prim,right,CV
720575940629304702,efferent,descending,,,putative_primary,right,CV
720575940629312300,efferent,descending,,,putative_primary,left,CV
720575940629327659,efferent,descending,,,WEDd1,left,CV
720575940629369642,efferent,descending,,,LB6,left,CV
720575940629390123,efferent,descending,,,putative_primary,left,CV
720575940629412170,efferent,descending,,,,left,CV
720575940629413962,efferent,descending,,,,right,CV
720575940629421159,efferent,descending,,,putative_primary,right,CV
720575940629428215,efferent,descending,,,putative_primary,left,CV
720575940629438508,efferent,descending,,,MX3,right,CV
720575940629461442,efferent,descending,,,putative_primary,right,CV
720575940629472298,efferent,descending,,,LB7,right,CV
720575940629477675,efferent,descending,,,putative_primary,left,CV
720575940629486075,efferent,descending,,,putative_primary,left,CV
720575940629490476,efferent,descending,,,WEDd1,left,CV
720575940629502251,efferent,descending,,,putative_primary,right,CV
720575940629509948,efferent,descending,,,DM2_central,left,CV
720575940629521655,efferent,descending,,,LB7,left,CV
720575940629543409,efferent,descending,,,MX12__prim,left,CV
720575940629586417,efferent,descending,,,,right,CV
720575940629686339,efferent,descending,,,PSp2,right,CV
720575940629725545,efferent,descending,,,LB7,left,CV
720575940629736720,efferent,descending,,,putative_primary,right,CV
720575940629742718,efferent,descending,,,LB7,right,CV
720575940629757036,efferent,descending,,,SMPpv2_ventral,right,CV
720575940629774274,efferent,descending,,,,left,CV
720575940629777018,efferent,descending,,,putative_primary,right,CV
720575940629782072,efferent,descending,,,PSp2,left,CV
720575940629792060,efferent,descending,,,,left,CV
720575940629805950,efferent,descending,,,putative_primary,right,CV
720575940629806974,efferent,descending,,,MX12__prim,right,CV
720575940629812346,efferent,descending,,,putative_primary,left,CV
720575940629833020,efferent,descending,,,LB6,left,CV
720575940629846722,efferent,descending,,,SMPpv2_dorsal,right,CV
720575940629866283,efferent,descending,,,putative_primary,left,CV
720575940629956695,efferent,descending,,,LB7,left,CV
720575940629965708,efferent,descending,,,LB7,right,CV
720575940630033913,efferent,descending,,,LB7,right,CV
720575940630054735,efferent,descending,,,,left,CV
720575940630059087,efferent,descending,,,MX3,left,CV
720575940630071583,efferent,descending,,,PSp2,left,CV
720575940630078031,efferent,descending,,,PSp2,right,CV
720575940630085583,efferent,descending,,,WEDd1,right,CV
720575940630106309,efferent,descending,,,putative_primary,left,CV
720575940630119532,efferent,descending,,,MX3,right,CV
720575940630135084,efferent,descending,,,putative_primary,right,CV
720575940630221509,efferent,descending,,,SMPpv2_dorsal,right,CV
720575940630221563,efferent,descending,,,MX12,left,CV
720575940630236988,efferent,descending,,,PSp2,right,CV
720575940630244060,efferent,descending,,,MX12__prim,right,CV
720575940630274459,efferent,descending,,,MX0__prim,left,CV
720575940630289804,efferent,descending,,,LB12,left,CV
720575940630290536,efferent,descending,,,LB7,right,CV
720575940630291767,efferent,descending,,,putative_primary,left,CV
720575940630297292,efferent,descending,,,LB7,left,CV
720575940630333911,efferent,descending,,,LB7,right,CV
720575940630334658,efferent,descending,,,putative_primary,left,CV
720575940630346860,efferent,descending,,,putative_primary,left,CV
720575940630382075,efferent,descending,,,LB6,left,CV
720575940630403031,efferent,descending,,,MX7__prim,left,CV
720575940630425083,efferent,descending,,,PSp3,left,CV
720575940630428324,efferent,descending,,,,left,CV
720575940630480348,efferent,descending,,,putative_primary,right,CV
720575940630492714,efferent,descending,,,LB12,right,CV
720575940630505334,efferent,descending,,,LB7,right,CV
720575940630569413,efferent,descending,,,LB6,right,CV
720575940630607738,efferent,descending,,,WEDd1,left,CV
720575940630610042,efferent,descending,,,putative_primary,right,CV
720575940630665210,efferent,descending,,,putative_primary,left,CV
720575940630671734,efferent,descending,,,PSp2,left,CV
720575940630682618,efferent,descending,,,MX3,right,CV
720575940630689644,efferent,descending,,,putative_primary,left,CV
720575940630695798,efferent,descending,,,putative_primary,left,CV
720575940630697078,efferent,descending,,,putative_primary,left,CV
720575940630712493,efferent,descending,,,LB6,left,CV
720575940630758418,efferent,descending,,,putative_primary,right,CV
720575940630803727,efferent,descending,,,putative_primary,left,CV
720575940630808591,efferent,descending,,,MD3,right,CV
720575940630808827,efferent,descending,,,MX12__prim,right,CV
720575940630810486,efferent,descending,,,MX3,left,CV
720575940630829563,efferent,descending,,,LB7,right,CV
720575940630839371,efferent,descending,,,putative_primary,left,CV
720575940630868281,efferent,descending,,,WEDd1,right,CV
720575940630956345,efferent,descending,,,LB0_posterior,center,CV
720575940630980559,efferent,descending,,,putative_primary,right,CV
720575940630990533,efferent,descending,,,LB7,right,CV
720575940630992813,efferent,descending,,,DM6_central1,right,CV
720575940631035603,efferent,descending,,,MX12,left,CV
720575940631051065,efferent,descending,,,LB7,left,CV
720575940631061900,efferent,descending,,,LB7,right,CV
720575940631082808,efferent,descending,,,primary,left,CV
720575940631090402,efferent,descending,,,LB6,right,CV
720575940631091407,efferent,descending,,,MX3,left,CV
720575940631108559,efferent,descending,,,MX12,right,CV
720575940631110095,efferent,descending,,,putative_primary,right,CV
720575940631122191,efferent,descending,,,DM6_central2,left,CV
720575940631124076,efferent,descending,,,putative_primary,right,CV
720575940631168057,efferent,descending,,,MD3,left,CV
720575940631225996,efferent,descending,,,putative_primary,right,CV
720575940631270162,efferent,descending,,,putative_primary,left,CV
720575940631282194,efferent,descending,,,putative_primary,left,CV
720575940631283267,efferent,descending,,,LB7__prim,right,CV
720575940631299855,efferent,descending,,,putative_primary,right,CV
720575940631309866,efferent,descending,,,SMPpv2_dorsal,left,CV
720575940631333195,efferent,descending,,,putative_primary,left,CV
720575940631342073,efferent,descending,,,MX3,right,CV
720575940631469452,efferent,descending,,,putative_primary,left,CV
720575940631483695,efferent,descending,,,DM6_central2,left,CV
720575940631498563,efferent,descending,,,WEDd1,left,CV
720575940631498925,efferent,descending,,,LB6,right,CV
720575940631499832,efferent,descending,,,DM6_central1,right,CV
720575940631508598,efferent,descending,,,MD3,right,CV
720575940631518582,efferent,descending,,,MX12,right,CV
720575940631520312,efferent,descending,,,WEDd1,right,CV
720575940631543414,efferent,descending,,,MX3,right,CV
720575940631545960,efferent,descending,,,putative_primary,right,CV
720575940631549202,efferent,descending,,,putative_primary,right,CV
720575940631593753,efferent,descending,,,MX3,left,CV
720575940631609391,efferent,descending,,,,right,CV
720575940631627551,efferent,descending,,,LB7,left,CV
720575940631629160,efferent,descending,,,putative_primary,right,CV
720575940631632012,efferent,descending,,,,right,CV
720575940631643532,efferent,descending,,,putative_primary,right,CV
720575940631651810,efferent,descending,,,LB6,left,CV
720575940631662648,efferent,descending,,,MX12,right,CV
720575940631695841,efferent,descending,,,MX12,right,CV
720575940631705130,efferent,descending,,,MX12__prim,left,CV
720575940631720417,efferent,descending,,,PSp2,left,CV
720575940631721287,efferent,descending,,,LB7,right,CV
720575940631759663,efferent,descending,,,WEDd1,left,CV
720575940631829059,efferent,descending,,,LB7,right,CV
720575940631855663,efferent,descending,,,LB6,right,CV
720575940631889965,efferent,descending,,,MX3,right,CV
720575940631925156,efferent,descending,,,putative_primary,right,CV
720575940631959097,efferent,descending,,,putative_primary,left,CV
720575940631973207,efferent,descending,,,MX3,left,CV
720575940631982952,efferent,descending,,,putative_primary,left,CV
720575940631987364,efferent,descending,,,MX12,right,CV
720575940632037224,efferent,descending,,,LB12,right,CV
720575940632041247,efferent,descending,,,LB12,left,CV
720575940632043320,efferent,descending,,,,right,CV
720575940632043576,efferent,descending,,,putative_primary,right,CV
720575940632161311,efferent,descending,,,LB6,right,CV
720575940632178892,efferent,descending,,,MX12,right,CV
720575940632189900,efferent,descending,,,putative_primary,left,CV
720575940632296519,efferent,descending,,,putative_primary,right,CV
720575940632302151,efferent,descending,,,MX12,left,CV
720575940632303441,efferent,descending,,,MX12,right,CV
720575940632307025,efferent,descending,,,putative_primary,left,CV
720575940632339425,efferent,descending,,,MX3,right,CV
720575940632355885,efferent,descending,,,MX12,left,CV
720575940632379071,efferent,descending,,,PSp2,right,CV
720575940632407826,efferent,descending,,,MX3,left,CV
720575940632409130,efferent,descending,,,LB12,left,CV
720575940632412333,efferent,descending,,,MD3,right,CV
720575940632422219,efferent,descending,,,PSp2,left,CV
720575940632458514,efferent,descending,,,MX3,left,CV
720575940632472850,efferent,descending,,,putative_primary,right,CV
720575940632486969,efferent,descending,,,putative_primary,left,CV
720575940632499757,efferent,descending,,,putative_primary,right,CV
720575940632512156,efferent,descending,,,SMPpv1,right,CV
720575940632524559,efferent,descending,,,MX3,right,CV
720575940632539788,efferent,descending,,,putative_primary,right,CV
720575940632573887,efferent,descending,,,LB12,right,CV
720575940632574946,efferent,descending,,,LB7,left,CV
720575940632620991,efferent,descending,,,MX12,left,CV
720575940632626402,efferent,descending,,,LB7,left,CV
720575940632632607,efferent,descending,,,MD3,left,CV
720575940632634532,efferent,descending,,,LB23,right,CV
720575940632646114,efferent,descending,,,SMPpv1,left,CV
720575940632698541,efferent,descending,,,MX12,left,CV
720575940632722771,efferent,descending,,,MD3,left,CV
720575940632788025,efferent,descending,,,LB7,left,CV
720575940632836675,efferent,descending,,,putative_primary,right,CV
720575940632868051,efferent,descending,,,putative_primary,left,CV
720575940632877869,efferent,descending,,,putative_primary,right,CV
720575940632900665,efferent,descending,,,PSp3,right,CV
720575940632903737,efferent,descending,,,putative_primary,right,CV
720575940632934751,efferent,descending,,,LB7,right,CV
720575940632960813,efferent,descending,,,putative_primary,right,CV
720575940632962786,efferent,descending,,,WEDd1,left,CV
720575940632989291,efferent,descending,,,PSp2,right,CV
720575940632991815,efferent,descending,,,putative_primary,left,CV
720575940633011256,efferent,descending,,,putative_primary,right,CV
720575940633041503,efferent,descending,,,LB12,right,CV
720575940633095137,efferent,descending,,,SMPpv2_ventral,right,CV
720575940633165452,efferent,descending,,,putative_primary,right,CV
720575940633170643,efferent,descending,,,PSp3,right,CV
720575940633178508,efferent,descending,,,putative_primary,right,CV
720575940633201400,efferent,descending,,,LB12,right,CV
720575940633213132,efferent,descending,,,PSp2,right,CV
720575940633218444,efferent,descending,,,putative_primary,right,CV
720575940633228103,efferent,descending,,,putative_primary,right,CV
720575940633228172,efferent,descending,,,putative_primary,left,CV
720575940633293025,efferent,descending,,,putative_primary,left,CV
720575940633488153,efferent,descending,,,putative_primary,right,CV
720575940633529548,efferent,descending,,,MX3,left,CV
720575940633543531,efferent,descending,,,LB12,left,CV
720575940633727339,efferent,descending,,,WEDd1,right,CV
720575940633771745,efferent,descending,,,MX3,right,CV
720575940633781217,efferent,descending,,,putative_primary,right,CV
720575940633853559,efferent,descending,,,PSp2,right,CV
720575940633953434,efferent,descending,,,putative_primary,right,CV
720575940633995181,efferent,descending,,,LB19,left,CV
720575940633996883,efferent,descending,,,MX3,left,CV
720575940634140883,efferent,descending,,,WEDd1,left,CV
720575940634163682,efferent,descending,,,putative_primary,left,CV
720575940634198926,efferent,descending,,,MX12,left,CV
720575940634207087,efferent,descending,,,LB7,left,CV
720575940634229871,efferent,descending,,,MX12__prim,left,CV
720575940634253281,efferent,descending,,,WEDd1,left,CV
720575940634279543,efferent,descending,,,LB7,right,CV
720575940634428058,efferent,descending,,,putative_primary,right,CV
720575940634458719,efferent,descending,,,putative_primary,left,CV
720575940634459290,efferent,descending,,,putative_primary,right,CV
720575940634525303,efferent,descending,,,LB6,left,CV
720575940634526560,efferent,descending,,,LB7,left,CV
720575940634560922,efferent,descending,,,putative_primary,left,CV
720575940634583694,efferent,descending,,,LB7,right,CV
720575940634599615,efferent,descending,,,LB6,right,CV
720575940634617952,efferent,descending,,,LB23,left,CV
720575940634750871,efferent,descending,,,putative_primary,left,CV
720575940634782359,efferent,descending,,,putative_primary,right,CV
720575940634825879,efferent,descending,,,LB3,right,CV
720575940634862943,efferent,descending,,,putative_primary,right,CV
720575940634864026,efferent,descending,,,LB12,left,CV
720575940634903915,efferent,descending,,,putative_primary,right,CV
720575940634915691,efferent,descending,,,LB7__prim,right,CV
720575940635166571,efferent,descending,,,MD3,right,CV
720575940635175263,efferent,descending,,,MX12,left,CV
720575940635179871,efferent,descending,,,putative_primary,left,CV
720575940635210603,efferent,descending,,,SMPpv2_ventral,right,CV
720575940635210859,efferent,descending,,,putative_primary,left,CV
720575940635212139,efferent,descending,,,,right,CV
720575940635222640,efferent,descending,,,LB12,right,CV
720575940635355804,efferent,descending,,,MD3,left,CV
720575940635405719,efferent,descending,,,PSp2,right,CV
720575940635464343,efferent,descending,,,putative_primary,left,CV
720575940635549620,efferent,descending,,,putative_primary,right,CV
720575940635552948,efferent,descending,,,DM6_central2,right,CV
720575940635564896,efferent,descending,,,MX3,right,CV
720575940635587064,efferent,descending,,,LB7,right,CV
720575940635640312,efferent,descending,,,putative_primary,left,CV
720575940635701655,efferent,descending,,,LB6,left,CV
720575940635838143,efferent,descending,,,SMPpv2_ventral,left,CV
720575940635872101,efferent,descending,,,SMPpv2_ventral,left,CV
720575940636029807,efferent,descending,,,MX7__prim,right,CV
720575940636098367,efferent,descending,,,LB6,right,CV
720575940636104767,efferent,descending,,,LB7,right,CV
720575940636186463,efferent,descending,,,LB7,right,CV
720575940636254810,efferent,descending,,,LB12,left,CV
720575940636308075,efferent,descending,,,MX12__prim,left,CV
720575940636329579,efferent,descending,,,putative_primary,left,CV
720575940636333710,efferent,descending,,,putative_primary,left,CV
720575940636454136,efferent,descending,,,WEDd1,right,CV
720575940636479863,efferent,descending,,,putative_primary,left,CV
720575940636592302,efferent,descending,,,putative_primary,right,CV
720575940636606554,efferent,descending,,,LB7,left,CV
720575940636610671,efferent,descending,,,SMPpm1,left,CV
720575940636651376,efferent,descending,,,putative_primary,right,CV
720575940636656632,efferent,descending,,,MX3,left,CV
720575940636671886,efferent,descending,,,LB7,left,CV
720575940636761926,efferent,descending,,,MX3,left,CV
720575940636879534,efferent,descending,,,putative_primary,right,CV
720575940636898270,efferent,descending,,,LB7,left,CV
720575940636933722,efferent,descending,,,putative_primary,left,CV
720575940637101413,efferent,descending,,,WEDd1,left,CV
720575940637126007,efferent,descending,,,putative_primary,right,CV
720575940637308605,efferent,descending,,,putative_primary,left,CV
720575940637341668,efferent,descending,,,SMPpv2_dorsal,left,CV
720575940637424547,efferent,descending,,,LB12,right,CV
720575940637501784,efferent,descending,,,MX12,left,CV
720575940637530084,efferent,descending,,,MX12,right,CV
720575940637603038,efferent,descending,,,putative_primary,right,CV
720575940637607646,efferent,descending,,,WEDd1,right,CV
720575940637608560,efferent,descending,,,WEDd1,right,CV
720575940637612974,efferent,descending,,,MX12,left,CV
720575940637618142,efferent,descending,,,SMPpm1,right,CV
720575940637648485,efferent,descending,,,MX3,left,CV
720575940637659749,efferent,descending,,,putative_primary,left,CV
720575940637660733,efferent,descending,,,LB12,left,CV
720575940637667443,efferent,descending,,,MX3,left,CV
720575940637678653,efferent,descending,,,LB12,right,CV
720575940637870510,efferent,descending,,,,left,CV
720575940637896893,efferent,descending,,,LB7,left,CV
720575940637966424,efferent,descending,,,LB12,right,CV
720575940638013274,efferent,descending,,,PSp3,right,CV
720575940638019184,efferent,descending,,,LB7,right,CV
720575940638084149,efferent,descending,,,LB7,right,CV
720575940638088511,efferent,descending,,,putative_primary,right,CV
720575940638094911,efferent,descending,,,LB7,right,CV
720575940638109668,efferent,descending,,,putative_primary,left,CV
720575940638159472,efferent,descending,,,LB12,right,CV
720575940638175558,efferent,descending,,,LB6,right,CV
720575940638204132,efferent,descending,,,putative_primary,left,CV
720575940638623165,efferent,descending,,,LB12,left,CV
720575940638637501,efferent,descending,,,PSp2,left,CV
720575940638664355,efferent,descending,,,MX3,left,CV
720575940638810677,efferent,descending,,,MX12,right,CV
720575940638989894,efferent,descending,,,putative_primary,right,CV
720575940639088216,efferent,descending,,,LB12,left,CV
720575940639118926,efferent,descending,,,MD3,right,CV
720575940639152361,efferent,descending,,,LB23,right,CV
720575940639159029,efferent,descending,,,LB7,left,CV
720575940639159797,efferent,descending,,,LB7,left,CV
720575940639170723,efferent,descending,,,putative_primary,right,CV
720575940639201443,efferent,descending,,,LB12,left,CV
720575940639242303,efferent,descending,,,putative_primary,right,CV
720575940639314229,efferent,descending,,,MX3,left,CV
720575940639353552,efferent,descending,,,LB12,right,CV
720575940639425112,efferent,descending,,,LB6,right,CV
720575940639428174,efferent,descending,,,SMPpv2_dorsal,right,CV
720575940639479168,efferent,descending,,,LB7,left,CV
720575940639539840,efferent,descending,,,LB7,right,CV
720575940639553920,efferent,descending,,,MD3,right,CV
720575940639634304,efferent,descending,,,putative_primary,right,CV
720575940639705077,efferent,descending,,,MX3,left,CV
720575940639726141,efferent,descending,,,putative_primary,right,CV
720575940639789475,efferent,descending,,,SMPpv2_dorsal,left,CV
720575940639789731,efferent,descending,,,PSp2,right,CV
720575940639802685,efferent,descending,,,LB6,left,CV
720575940639919824,efferent,descending,,,PSp3,left,CV
720575940640128720,efferent,descending,,,PSp2,right,CV
720575940640140733,efferent,descending,,,LB7,left,CV
720575940640142141,efferent,descending,ocellar,,putative_primary,right,CV
720575940640156301,efferent,descending,,,LB12,left,CV
720575940640194493,efferent,descending,,,MX3,right,CV
720575940640306061,efferent,descending,,,PSp2,left,CV
720575940640316238,efferent,descending,,,putative_primary,left,CV
720575940640325429,efferent,descending,,,WEDd1,right,CV
720575940640331472,efferent,descending,,,primary,right,CV
720575940640422016,efferent,descending,,,LB6,left,CV
720575940640486488,efferent,descending,,,MD3,right,CV
720575940640589171,efferent,descending,,,putative_primary,left,CV
720575940640630589,efferent,descending,,,LB7,left,CV
720575940640723315,efferent,descending,,,MX3,right,CV
720575940640747352,efferent,descending,,,putative_primary,left,CV
720575940640978048,efferent,descending,,,putative_primary,left,CV
720575940641148149,efferent,descending,,,PSp3,right,CV
720575940641173632,efferent,descending,,,SMPpv2_ventral,left,CV
720575940641237632,efferent,descending,,,,right,CV
720575940641276917,efferent,descending,,,WEDd1,right,CV
720575940641278965,efferent,descending,,,DM6_central2,right,CV
720575940641305229,efferent,descending,,,LB12,left,CV
720575940641480949,efferent,descending,,,putative_primary,right,CV
720575940641518733,efferent,descending,,,SMPpv1,left,CV
720575940641781133,efferent,descending,,,MX12,right,CV
720575940641793440,efferent,descending,,,LB7,right,CV
720575940641832333,efferent,descending,,,MD3,left,CV
720575940641833869,efferent,descending,,,putative_primary,right,CV
720575940642027464,efferent,descending,,,LB12,right,CV
720575940642198747,efferent,descending,,,LB12,left,CV
720575940642312136,efferent,descending,,,SMPpv1,right,CV
720575940642369736,efferent,descending,,,LB7,left,CV
720575940642411917,efferent,descending,,,PSp2,left,CV
720575940642449909,efferent,descending,,,LB7__prim,left,CV
720575940642545883,efferent,descending,,,MX3,left,CV
720575940642549467,efferent,descending,,,putative_primary,left,CV
720575940642894628,efferent,descending,,,putative_primary,left,CV
720575940642926702,efferent,descending,,,MX12,left,CV
720575940643347616,efferent,descending,,,putative_primary,left,CV
720575940643487342,efferent,descending,,,putative_primary,right,CV
720575940643817888,efferent,descending,,,LB12,left,CV
720575940643837988,efferent,descending,,,,right,CV
720575940644022551,efferent,descending,,,putative_primary,right,CV
720575940644166048,efferent,descending,,,putative_primary,right,CV
720575940644279319,efferent,descending,,,putative_primary,right,CV
720575940644438551,efferent,descending,,,WEDd1,right,CV
720575940644467360,efferent,descending,,,LB7__prim,left,CV
720575940644473760,efferent,descending,,,LB23,left,CV
720575940644494752,efferent,descending,,,putative_primary,left,CV
720575940644542880,efferent,descending,,,putative_primary,left,CV
720575940644653348,efferent,descending,,,putative_primary,right,CV
720575940644659236,efferent,descending,,,MX12,left,CV
720575940644666660,efferent,descending,,,putative_primary,right,CV
720575940644740256,efferent,descending,,,LB6,right,CV
720575940644751652,efferent,descending,,,putative_primary,right,CV
720575940644758308,efferent,descending,,,putative_primary,left,CV
720575940644801060,efferent,descending,,,LB7,right,CV
720575940645032068,efferent,descending,,,MX12,right,CV
720575940645032580,efferent,descending,,,MX12,right,CV
720575940645045527,efferent,descending,,,MX12__prim,left,CV
720575940645047831,efferent,descending,,,putative_primary,left,CV
720575940645176264,efferent,descending,,,putative_primary,right,CV
720575940645258606,efferent,descending,,,putative_primary,left,CV
720575940645352814,efferent,descending,,,MD3,left,CV
720575940645534516,efferent,descending,,,MX12,left,CV
720575940645537902,efferent,descending,,,putative_primary,left,CV
720575940645556334,efferent,descending,,,putative_primary,left,CV
720575940645693476,efferent,descending,,,putative_primary,right,CV
720575940645834275,efferent,descending,,,putative_primary,right,CV
720575940646160948,efferent,descending,,,SMPpv1,left,CV
720575940646173748,efferent,descending,,,SMPpv1,right,CV
720575940646443316,efferent,descending,,,LB6,left,CV
720575940646753412,efferent,descending,,,putative_primary,right,CV
720575940646764579,efferent,descending,,,putative_primary,left,CV
720575940646814340,efferent,descending,,,putative_primary,left,CV
720575940647029044,efferent,descending,,,MX3,right,CV
720575940647031860,efferent,descending,,,MX3,left,CV
720575940647228468,efferent,descending,,,putative_primary,right,CV
720575940647471395,efferent,descending,,,SMPpv2_dorsal,left,CV
720575940647478148,efferent,descending,,,LB7,right,CV
720575940647560500,efferent,descending,,,putative_primary,left,CV
720575940647586948,efferent,descending,,,putative_primary,right,CV
720575940647755641,efferent,descending,,,LB6,left,CV
720575940647964281,efferent,descending,,,LB12,right,CV
720575940648180868,efferent,descending,,,,right,CV
720575940648188548,efferent,descending,,,LB7__prim,right,CV
720575940648636292,efferent,descending,,,putative_primary,right,CV
720575940648654468,efferent,descending,,,SMPpv2_dorsal,right,CV
720575940649809273,efferent,descending,,,putative_primary,right,CV
720575940649829241,efferent,descending,,,putative_primary,right,CV
720575940649992569,efferent,descending,,,LB7,right,CV
720575940650282742,efferent,descending,,,putative_primary,left,CV
720575940650929273,efferent,descending,,,putative_primary,left,CV
720575940651341558,efferent,descending,,,WEDd1,left,CV
720575940651932150,efferent,descending,,,LB6,right,CV
720575940652104694,efferent,descending,,,putative_primary,right,CV
720575940653053601,efferent,descending,,,LB12,left,CV
720575940653310198,efferent,descending,,,putative_primary,right,CV
720575940653614838,efferent,descending,,,putative_primary,left,CV
720575940654094241,efferent,descending,,,MD3,left,CV
720575940655587489,efferent,descending,,,,left,CV
720575940656144289,efferent,descending,,,LB12,right,CV
720575940659356545,efferent,descending,,,putative_primary,right,CV
720575940659703937,efferent,descending,,,LB6,right,CV
720575940660220289,efferent,descending,,,putative_primary,left,CV
720575940660224385,efferent,descending,,,LB6,left,CV
720575940660229505,efferent,descending,,,MD3,right,CV
720575940660269185,efferent,descending,,,MX3,left,CV
